Author,Title,Published Dates
اليوم السابع,خطوات.. كيفية التقاط صورة شاشة على Apple Vision Pro‌ الخاصة بك - اليوم السابع,2024-02-08T03:00:00Z
العربية,حرب غزة.. مقتل 11 فلسطينياً بقصف اسرائيلي على رفح - العربية,2024-02-08T01:27:00Z
البوابة العربية للأخبار التقنية,مايكروسوفت تطرح تطبيقًا جديدًا لتنظيف نظام ويندوز وصيانته - البوابة العربية للأخبار التقنية,2024-02-08T01:14:57Z
الحرة,"رغم أشهر من المفاوضات.. حزمة مساعدات ""أوكرانيا وإسرائيل والهجرة"" عالقة في مجلس الشيوخ الأميركي - الحرة",2024-02-08T01:00:22Z
اليوم السابع,النشامى يكتب التاريخ.. مشوار منتخب الأردن فى كأس آسيا بعد وصوله للنهائى - اليوم السابع,2024-02-08T01:00:00Z
Masrawy - مصراوي,دراسة جديدة: تبديل الأذرع عند تلقي اللقاحات يعزز فاعليتها - Masrawy - مصراوي,2024-02-08T00:01:00Z
FxNewsToday.ae,الداوجونز يحقق سادس إغلاق قياسي له في عام 2024 - FxNewsToday.ae,2024-02-07T23:35:20Z
البوابة العربية للأخبار التقنية,آبل تنهي تطبيق آيتونز في ويندوز وتطلق تطبيقات بديلة - البوابة العربية للأخبار التقنية,2024-02-07T22:47:17Z
البيان الصحي,إجراءات صحية طارئة في البرازيل بعد تفشي حمى الضنك - البيان الصحي,2024-02-07T22:11:24Z
محليات,85 منظمة دولية تشارك في القمة العالمية للحكومات 2024 - محليات,2024-02-07T22:06:09Z
الاقتصادي,3.68 مليارات درهم أرباح «أدنوك للتوزيع» 2023 - الاقتصادي,2024-02-07T22:01:54Z
فكر وفن,القائمة القصيرة للجائزة العالمية للرواية العربية الأربعاء - فكر وفن,2024-02-07T22:00:44Z
ZAWYA,تقرير التصرفات اليومي: 2.4 مليار درهم تصرفات العقارات في دبي - ZAWYA,2024-02-07T21:28:16Z
الاتحاد للأخبار,14.68 مليار درهم مكاسب الأسهم المحلية - الاتحاد للأخبار,2024-02-07T21:13:47Z
Sky News Arabia سكاي نيوز عربية,"بلينكن: لا يزال هناك ""مكان لاتفاق"" بين إسرائيل وحماس - Sky News Arabia سكاي نيوز عربية",2024-02-07T21:06:46Z
الجزيرة نت,حماس: موقف نتنياهو من الاتفاق المقترح يؤكد رغبته في إبادة الفلسطينيين - الجزيرة نت,2024-02-07T20:15:41Z
وكالة أنباء الإمارات,وكالة أنباء الإمارات - وكالة أنباء الإمارات,2024-02-07T19:38:05Z
وكالة أنباء الإمارات,WAM - Emirates News Agency - وكالة أنباء الإمارات,2024-02-07T19:29:00Z
Alghad TV - قناة الغد,مصادر لـ«الغد»: استهداف مواقع للفصائل المسلحة في بغداد بـ3 ضربات متتالية.. نوافيكم بالصور الأولية - Alghad TV - قناة الغد,2024-02-07T19:14:18Z
عالم واحد,سماع دوي انفجارات ضخمة في بغداد - عالم واحد,2024-02-07T19:13:31Z
